﻿<?xml version="1.0" encoding="utf-8" ?>
<System title="ＤＢ接続情報">
  <DbInfo>
    <!-- システム名 -->
    <SystemName>KENPO</SystemName>
    <!-- 会社コード -->
    <CompanyCode>524</CompanyCode>
    <!-- オラクルDBサーバのIPアドレス -->
    <Server></Server>
    <!-- オラクルDBのサービス名 -->
    <DbSource>kt_nttdata</DbSource>
    <!-- オラクルDBのログインユーザID -->
    <UserId>USER_524</UserId>
    <!-- オラクルDBのログインユーザパスワード -->
    <Password>USER_524</Password>
  </DbInfo>
</System>