<publishData>
  <publishTarget publishUrl="C:\temp\Web発行\">
    <file relUrl="pages/BusinessInquiry/BusinessInquiryDetails.aspx" publishTime="2019/03/11 17:49:57" />
    <file relUrl="pages/ExperienceInquiry/DeliveryImageCount.aspx" publishTime="2019/03/11 17:49:52" />
    <file relUrl="bin/523_DbInfo.xml" publishTime="2019/09/11 12:49:09" />
    <file relUrl="img/New.GIF" publishTime="2019/03/11 17:50:05" />
    <file relUrl="pages/SystemMaintenance/SqlExecute.aspx" publishTime="2019/03/11 17:49:46" />
    <file relUrl="pages/Common/ImageInfo.aspx" publishTime="2019/03/11 17:49:48" />
    <file relUrl="pages/ExperienceInquiry/DeliveryEndTime.aspx" publishTime="2019/03/11 17:49:51" />
    <file relUrl="js/jquery.caret.js" publishTime="2019/03/11 17:50:05" />
    <file relUrl="ErrorPage.htm" publishTime="2019/03/11 17:50:06" />
    <file relUrl="pages/UserManagement/UserPasswordEdit.aspx" publishTime="2019/03/11 17:49:55" />
    <file relUrl="css/jquery.cluetip.css" publishTime="2019/03/11 17:50:06" />
    <file relUrl="img/spcc_header_back.gif" publishTime="2019/03/11 17:50:05" />
    <file relUrl="pages/ExperienceInquiry/ReceiptDataCount.aspx" publishTime="2019/03/11 17:49:52" />
    <file relUrl="pages/UserManagement/UserManagementSearch.aspx" publishTime="2019/03/11 17:49:56" />
    <file relUrl="pages/BusinessInquiry/BusinessInquirySearch.aspx" publishTime="2019/12/16 14:50:08" />
    <file relUrl="pages/DefCorrection/DefCorrectionSearch.aspx" publishTime="2019/03/11 17:49:45" />
    <file relUrl="js/jquery.dropshadow.js" publishTime="2019/03/11 17:50:04" />
    <file relUrl="js/tci-IECS.js" publishTime="2019/03/11 17:50:04" />
    <file relUrl="pages/SystemMaintenance/SqlExecuteSelect.aspx" publishTime="2019/03/11 17:49:46" />
    <file relUrl="pages/ExperienceInquiry/DeliveryInquirySearch.aspx" publishTime="2019/03/11 17:49:51" />
    <file relUrl="Global.asax" publishTime="2019/03/11 17:49:42" />
    <file relUrl="pages/Common/SubImageView.aspx" publishTime="2019/03/11 17:49:46" />
    <file relUrl="523_DbInfo.xml" publishTime="2019/11/20 11:24:55" />
    <file relUrl="js/jquery.js" publishTime="2019/03/11 17:50:04" />
    <file relUrl="js/jqueryrotate.js" publishTime="2019/03/11 17:50:04" />
    <file relUrl="pages/MasterPage.master" publishTime="2019/12/17 16:50:01" />
    <file relUrl="pages/ExperienceInquiry/DeliveryInquiryDetails.aspx" publishTime="2019/03/11 17:49:49" />
    <file relUrl="pages/Login/Login.aspx" publishTime="2019/03/11 17:49:53" />
    <file relUrl="img/spcc_gray_back.gif" publishTime="2019/03/11 17:50:05" />
    <file relUrl="pages/ExperienceInquiry/ReceiptImageCount.aspx" publishTime="2019/03/11 17:49:53" />
    <file relUrl="pages/UserManagement/UserManagementEdit.aspx" publishTime="2019/03/11 17:49:56" />
    <file relUrl="pages/Menu/Menu.aspx" publishTime="2019/03/11 17:49:44" />
    <file relUrl="pages/ExperienceInquiry/DeliveryDataCount.aspx" publishTime="2019/03/11 17:49:51" />
    <file relUrl="bin/CommonSystem.dll" publishTime="2019/11/26 15:52:28" />
    <file relUrl="img/header_back.gif" publishTime="2019/03/11 17:50:05" />
    <file relUrl="bin/AjaxControlToolkit.dll" publishTime="2019/03/11 17:50:03" />
    <file relUrl="bin/CommonSystem.pdb" publishTime="2019/11/26 15:52:28" />
    <file relUrl="pages/Common/DefDataBrowse.aspx" publishTime="2019/03/11 17:49:47" />
    <file relUrl="css/jquery.notifyBar.css" publishTime="2019/03/11 17:50:06" />
    <file relUrl="img/logo.png" publishTime="2019/03/11 17:50:05" />
    <file relUrl="bin/DefectManagement.pdb" publishTime="2020/02/19 14:42:48" />
    <file relUrl="css/Styles.css" publishTime="2019/03/11 17:50:06" />
    <file relUrl="img/logo_trans.gif" publishTime="2019/03/11 17:50:05" />
    <file relUrl="bin/Ionic.Zip.dll" publishTime="2019/03/11 17:50:04" />
    <file relUrl="img/close.png" publishTime="2019/03/11 17:50:05" />
    <file relUrl="pages/ExperienceInquiry/DeliveryTimeInquiry.aspx" publishTime="2019/12/20 16:32:48" />
    <file relUrl="pages/Common/Jpeg.aspx" publishTime="2019/03/11 17:49:46" />
    <file relUrl="js/jquery.notifyBar.js" publishTime="2019/03/11 17:50:05" />
    <file relUrl="pages/ExperienceInquiry/ReceiptProjectCount.aspx" publishTime="2019/11/29 14:12:30" />
    <file relUrl="js/jqKey.js" publishTime="2019/03/11 17:50:04" />
    <file relUrl="Web.config" publishTime="2020/02/19 14:21:40" />
    <file relUrl="js/jquery.cluetip.js" publishTime="2019/03/11 17:50:04" />
    <file relUrl="pages/ExperienceInquiry/DeliveryProjectCount.aspx" publishTime="2019/11/29 15:10:55" />
    <file relUrl="img/gray_back.gif" publishTime="2019/03/11 17:50:05" />
    <file relUrl="pages/BusinessInquiry/BusinessInquiryEntryState.aspx" publishTime="2019/03/11 17:49:56" />
    <file relUrl="bin/DefectManagement.dll" publishTime="2020/02/19 14:42:48" />
    <file relUrl="bin/DefectManagement.xml" publishTime="2020/02/19 14:42:48" />
    <file relUrl="pages/DefCorrection/DefDataCorrection.aspx" publishTime="2019/03/11 17:49:45" />
    <file relUrl="pages/DataInquiry/DataInquirySearch.aspx" publishTime="2019/03/11 17:49:54" />
  </publishTarget>
  <publishTarget publishUrl="C:\作業フォルダ\01.プロジェクト\13.トランスコスモス\Web発行\">
    <file relUrl="pages/BusinessInquiry/BusinessInquiryDetails.aspx" publishTime="2019/03/11 17:49:57" />
    <file relUrl="js/jquery.js" publishTime="2019/03/11 17:50:04" />
    <file relUrl="pages/ExperienceInquiry/DeliveryImageCount.aspx" publishTime="2019/03/11 17:49:52" />
    <file relUrl="bin/523_DbInfo.xml" publishTime="2019/09/11 12:49:09" />
    <file relUrl="img/New.GIF" publishTime="2019/03/11 17:50:05" />
    <file relUrl="pages/SystemMaintenance/SqlExecute.aspx" publishTime="2019/03/11 17:49:46" />
    <file relUrl="pages/Common/ImageInfo.aspx" publishTime="2019/03/11 17:49:48" />
    <file relUrl="Global.asax" publishTime="2019/03/11 17:49:42" />
    <file relUrl="js/jquery.caret.js" publishTime="2019/03/11 17:50:05" />
    <file relUrl="bin/DefectManagement.xml" publishTime="2019/12/22 2:12:23" />
    <file relUrl="pages/UserManagement/UserPasswordEdit.aspx" publishTime="2019/03/11 17:49:55" />
    <file relUrl="pages/SystemMaintenance/SqlExecuteSelect.aspx" publishTime="2019/03/11 17:49:46" />
    <file relUrl="img/spcc_header_back.gif" publishTime="2019/03/11 17:50:05" />
    <file relUrl="pages/BusinessInquiry/BusinessInquiryEntryState.aspx" publishTime="2019/03/11 17:49:56" />
    <file relUrl="bin/DefectManagement.pdb" publishTime="2019/12/22 2:12:23" />
    <file relUrl="pages/BusinessInquiry/BusinessInquirySearch.aspx" publishTime="2019/12/16 14:50:08" />
    <file relUrl="pages/DefCorrection/DefCorrectionSearch.aspx" publishTime="2019/03/11 17:49:45" />
    <file relUrl="js/jquery.dropshadow.js" publishTime="2019/03/11 17:50:04" />
    <file relUrl="js/tci-IECS.js" publishTime="2019/03/11 17:50:04" />
    <file relUrl="pages/ExperienceInquiry/DeliveryInquirySearch.aspx" publishTime="2019/03/11 17:49:51" />
    <file relUrl="pages/ExperienceInquiry/DeliveryEndTime.aspx" publishTime="2019/03/11 17:49:51" />
    <file relUrl="523_DbInfo.xml" publishTime="2019/11/20 11:24:55" />
    <file relUrl="bin/AjaxControlToolkit.dll" publishTime="2019/03/11 17:50:03" />
    <file relUrl="js/jqueryrotate.js" publishTime="2019/03/11 17:50:04" />
    <file relUrl="pages/ExperienceInquiry/ReceiptDataCount.aspx" publishTime="2019/03/11 17:49:52" />
    <file relUrl="Web.config" publishTime="2019/12/20 12:55:02" />
    <file relUrl="pages/ExperienceInquiry/DeliveryInquiryDetails.aspx" publishTime="2019/03/11 17:49:49" />
    <file relUrl="pages/Login/Login.aspx" publishTime="2019/03/11 17:49:53" />
    <file relUrl="img/spcc_gray_back.gif" publishTime="2019/03/11 17:50:05" />
    <file relUrl="pages/ExperienceInquiry/ReceiptImageCount.aspx" publishTime="2019/03/11 17:49:53" />
    <file relUrl="pages/UserManagement/UserManagementEdit.aspx" publishTime="2019/03/11 17:49:56" />
    <file relUrl="ErrorPage.htm" publishTime="2019/03/11 17:50:06" />
    <file relUrl="pages/Menu/Menu.aspx" publishTime="2019/03/11 17:49:44" />
    <file relUrl="pages/ExperienceInquiry/DeliveryDataCount.aspx" publishTime="2019/03/11 17:49:51" />
    <file relUrl="bin/CommonSystem.dll" publishTime="2019/11/26 15:52:28" />
    <file relUrl="img/header_back.gif" publishTime="2019/03/11 17:50:05" />
    <file relUrl="bin/CommonSystem.pdb" publishTime="2019/11/26 15:52:28" />
    <file relUrl="pages/Common/DefDataBrowse.aspx" publishTime="2019/03/11 17:49:47" />
    <file relUrl="css/jquery.notifyBar.css" publishTime="2019/03/11 17:50:06" />
    <file relUrl="img/logo.png" publishTime="2019/03/11 17:50:05" />
    <file relUrl="css/Styles.css" publishTime="2019/03/11 17:50:06" />
    <file relUrl="css/jquery.cluetip.css" publishTime="2019/03/11 17:50:06" />
    <file relUrl="img/logo_trans.gif" publishTime="2019/03/11 17:50:05" />
    <file relUrl="pages/Common/SubImageView.aspx" publishTime="2019/03/11 17:49:46" />
    <file relUrl="bin/Ionic.Zip.dll" publishTime="2019/03/11 17:50:04" />
    <file relUrl="img/close.png" publishTime="2019/03/11 17:50:05" />
    <file relUrl="pages/ExperienceInquiry/DeliveryTimeInquiry.aspx" publishTime="2019/12/20 16:32:48" />
    <file relUrl="pages/Common/Jpeg.aspx" publishTime="2019/03/11 17:49:46" />
    <file relUrl="js/jquery.notifyBar.js" publishTime="2019/03/11 17:50:05" />
    <file relUrl="pages/ExperienceInquiry/ReceiptProjectCount.aspx" publishTime="2019/11/29 14:12:30" />
    <file relUrl="js/jqKey.js" publishTime="2019/03/11 17:50:04" />
    <file relUrl="js/jquery.cluetip.js" publishTime="2019/03/11 17:50:04" />
    <file relUrl="pages/UserManagement/UserManagementSearch.aspx" publishTime="2019/03/11 17:49:56" />
    <file relUrl="pages/ExperienceInquiry/DeliveryProjectCount.aspx" publishTime="2019/11/29 15:10:55" />
    <file relUrl="img/gray_back.gif" publishTime="2019/03/11 17:50:05" />
    <file relUrl="pages/MasterPage.master" publishTime="2019/12/17 16:50:01" />
    <file relUrl="bin/DefectManagement.dll" publishTime="2019/12/22 2:12:23" />
    <file relUrl="pages/DefCorrection/DefDataCorrection.aspx" publishTime="2019/03/11 17:49:45" />
    <file relUrl="pages/DataInquiry/DataInquirySearch.aspx" publishTime="2019/03/11 17:49:54" />
  </publishTarget>
</publishData>