﻿<?xml version="1.0" encoding="utf-8" ?> 
<System title="ＤＢ接続情報">
  <DbInfo>
    <!-- システム名 -->
    <SystemName>SPCC</SystemName>
    <!-- 会社コード -->
    <CompanyCode>190</CompanyCode>
    <!-- オラクルDBサーバのIPアドレス -->
    <Server></Server>
    <!-- オラクルDBのサービス名 -->
    <DbSource>SPCC</DbSource>
    <!-- オラクルDBのログインユーザID -->
    <UserId>USER_190</UserId>
    <!-- オラクルDBのログインユーザパスワード -->
    <Password>USER_190</Password>
  </DbInfo>
</System>