﻿<?xml version="1.0" encoding="utf-8" ?>
<System title="ＤＢ接続情報">
  <DbInfo>
    <!-- システム名 -->
    <SystemName>KENPO</SystemName>
    <!-- 会社コード -->
    <CompanyCode>523</CompanyCode>
    <!-- オラクルDBサーバのIPアドレス -->
    <Server></Server>
    <!-- オラクルDBのサービス名 -->
    <DbSource>TCI11G</DbSource>
    <!-- オラクルDBのログインユーザID -->
    <UserId>USER_523</UserId>
    <!-- オラクルDBのログインユーザパスワード -->
    <Password>USER_523</Password>
  </DbInfo>
</System>