﻿<?xml version="1.0" encoding="utf-8" ?> 
<System title="ＤＢ接続情報">
  <DbInfo>
    <!-- システム名 -->
    <SystemName>GIB</SystemName>
    <!-- 会社コード -->
    <CompanyCode>660</CompanyCode>
    <!-- オラクルDBサーバのIPアドレス -->
    <Server></Server>
    <!-- オラクルDBのサービス名 -->
    <DbSource>SVC_SHARE01_DB0101_030102</DbSource>
    <!-- オラクルDBのログインユーザID -->
    <UserId>USER_660</UserId>
    <!-- オラクルDBのログインユーザパスワード -->
    <Password>USER_660</Password>
  </DbInfo>
</System>